red	1	8	tmp/chunks/red_01.txt
red	2	2	tmp/chunks/red_02.txt
gas	1	8	tmp/chunks/gas_01.txt
gas	2	8	tmp/chunks/gas_02.txt
gas	3	1	tmp/chunks/gas_03.txt
onderh	1	8	tmp/chunks/onderh_01.txt
onderh	2	8	tmp/chunks/onderh_02.txt
onderh	3	8	tmp/chunks/onderh_03.txt
onderh	4	8	tmp/chunks/onderh_04.txt
onderh	5	8	tmp/chunks/onderh_05.txt
onderh	6	8	tmp/chunks/onderh_06.txt
onderh	7	7	tmp/chunks/onderh_07.txt
crossPR	1	8	tmp/chunks/crossPR_01.txt
crossPR	2	8	tmp/chunks/crossPR_02.txt
crossPR	3	8	tmp/chunks/crossPR_03.txt
crossPR	4	8	tmp/chunks/crossPR_04.txt
crossPR	5	8	tmp/chunks/crossPR_05.txt
crossPR	6	8	tmp/chunks/crossPR_06.txt
crossPR	7	8	tmp/chunks/crossPR_07.txt
crossPR	8	8	tmp/chunks/crossPR_08.txt
crossPR	9	8	tmp/chunks/crossPR_09.txt
crossPR	10	8	tmp/chunks/crossPR_10.txt
crossPR	11	8	tmp/chunks/crossPR_11.txt
crossPR	12	8	tmp/chunks/crossPR_12.txt
crossPR	13	8	tmp/chunks/crossPR_13.txt
crossPR	14	8	tmp/chunks/crossPR_14.txt
crossPR	15	8	tmp/chunks/crossPR_15.txt
crossPR	16	8	tmp/chunks/crossPR_16.txt
crossPR	17	8	tmp/chunks/crossPR_17.txt
crossPR	18	8	tmp/chunks/crossPR_18.txt
crossPR	19	8	tmp/chunks/crossPR_19.txt
crossPR	20	8	tmp/chunks/crossPR_20.txt
crossPR	21	8	tmp/chunks/crossPR_21.txt
crossPR	22	8	tmp/chunks/crossPR_22.txt
crossPR	23	8	tmp/chunks/crossPR_23.txt
crossPR	24	8	tmp/chunks/crossPR_24.txt
crossPR	25	8	tmp/chunks/crossPR_25.txt
crossPR	26	8	tmp/chunks/crossPR_26.txt
crossPR	27	7	tmp/chunks/crossPR_27.txt
inv	1	8	tmp/chunks/inv_01.txt
inv	2	8	tmp/chunks/inv_02.txt
inv	3	4	tmp/chunks/inv_03.txt
voice	1	8	tmp/chunks/voice_01.txt
voice	2	8	tmp/chunks/voice_02.txt
voice	3	8	tmp/chunks/voice_03.txt
voice	4	8	tmp/chunks/voice_04.txt
voice	5	8	tmp/chunks/voice_05.txt
voice	6	8	tmp/chunks/voice_06.txt
voice	7	8	tmp/chunks/voice_07.txt
voice	8	8	tmp/chunks/voice_08.txt
voice	9	8	tmp/chunks/voice_09.txt
voice	10	8	tmp/chunks/voice_10.txt
voice	11	2	tmp/chunks/voice_11.txt
docs	1	8	tmp/chunks/docs_01.txt
docs	2	8	tmp/chunks/docs_02.txt
docs	3	8	tmp/chunks/docs_03.txt
docs	4	8	tmp/chunks/docs_04.txt
docs	5	8	tmp/chunks/docs_05.txt
docs	6	8	tmp/chunks/docs_06.txt
docs	7	2	tmp/chunks/docs_07.txt
onbo	1	1	tmp/chunks/onbo_01.txt
seo	1	8	tmp/chunks/seo_01.txt
seo	2	8	tmp/chunks/seo_02.txt
seo	3	8	tmp/chunks/seo_03.txt
seo	4	8	tmp/chunks/seo_04.txt
seo	5	8	tmp/chunks/seo_05.txt
seo	6	4	tmp/chunks/seo_06.txt
gap	1	8	tmp/chunks/gap_01.txt
gap	2	8	tmp/chunks/gap_02.txt
gap	3	8	tmp/chunks/gap_03.txt
gap	4	8	tmp/chunks/gap_04.txt
gap	5	5	tmp/chunks/gap_05.txt
pos	1	2	tmp/chunks/pos_01.txt
